"variable","pais","anio","categoria","porcentaje","n"
"Apoyo democracia","Argentina",2023,"Democracia",61.6,1200
"Apoyo democracia","Argentina",2023,"Gobierno Autoritario",18.4,1200
"Apoyo democracia","Argentina",2023,"Da lo mismo",15.1,1200
"Apoyo democracia","Argentina",2023,"No sabe",4.1,1200
"Apoyo democracia","Argentina",2023,"No contesta",0.7,1200
"Apoyo democracia","Bolivia",2023,"Democracia",51.2,1200
"Apoyo democracia","Bolivia",2023,"Gobierno Autoritario",13.4,1200
"Apoyo democracia","Bolivia",2023,"Da lo mismo",27.7,1200
"Apoyo democracia","Bolivia",2023,"No sabe",6.9,1200
"Apoyo democracia","Bolivia",2023,"No contesta",0.8,1200
"Apoyo democracia","Brasil",2023,"Democracia",45.6,1204
"Apoyo democracia","Brasil",2023,"Gobierno Autoritario",12.9,1204
"Apoyo democracia","Brasil",2023,"Da lo mismo",30.1,1204
"Apoyo democracia","Brasil",2023,"No sabe",9.1,1204
"Apoyo democracia","Brasil",2023,"No contesta",2.4,1204
"Apoyo democracia","Chile",2023,"Democracia",58.3,1200
"Apoyo democracia","Chile",2023,"Gobierno Autoritario",15.5,1200
"Apoyo democracia","Chile",2023,"Da lo mismo",23.4,1200
"Apoyo democracia","Chile",2023,"No sabe",2.1,1200
"Apoyo democracia","Chile",2023,"No contesta",0.7,1200
"Apoyo democracia","Colombia",2023,"Democracia",48,1200
"Apoyo democracia","Colombia",2023,"Gobierno Autoritario",13.5,1200
"Apoyo democracia","Colombia",2023,"Da lo mismo",31.7,1200
"Apoyo democracia","Colombia",2023,"No sabe",5.3,1200
"Apoyo democracia","Colombia",2023,"No contesta",1.5,1200
"Apoyo democracia","Costa Rica",2023,"Democracia",55.9,1000
"Apoyo democracia","Costa Rica",2023,"Gobierno Autoritario",15.8,1000
"Apoyo democracia","Costa Rica",2023,"Da lo mismo",22.4,1000
"Apoyo democracia","Costa Rica",2023,"No sabe",5.3,1000
"Apoyo democracia","Costa Rica",2023,"No contesta",0.6,1000
"Apoyo democracia","Rep. Dominicana",2023,"Democracia",47.7,1000
"Apoyo democracia","Rep. Dominicana",2023,"Gobierno Autoritario",21,1000
"Apoyo democracia","Rep. Dominicana",2023,"Da lo mismo",26.7,1000
"Apoyo democracia","Rep. Dominicana",2023,"No sabe",3.8,1000
"Apoyo democracia","Rep. Dominicana",2023,"No contesta",0.8,1000
"Apoyo democracia","Ecuador",2023,"Democracia",37,1200
"Apoyo democracia","Ecuador",2023,"Gobierno Autoritario",19,1200
"Apoyo democracia","Ecuador",2023,"Da lo mismo",37,1200
"Apoyo democracia","Ecuador",2023,"No sabe",4.9,1200
"Apoyo democracia","Ecuador",2023,"No contesta",2.1,1200
"Apoyo democracia","El Salvador",2023,"Democracia",45.9,1000
"Apoyo democracia","El Salvador",2023,"Gobierno Autoritario",15.4,1000
"Apoyo democracia","El Salvador",2023,"Da lo mismo",25.9,1000
"Apoyo democracia","El Salvador",2023,"No sabe",9.4,1000
"Apoyo democracia","El Salvador",2023,"No contesta",3.4,1000
"Apoyo democracia","Guatemala",2023,"Democracia",29,1000
"Apoyo democracia","Guatemala",2023,"Gobierno Autoritario",22.5,1000
"Apoyo democracia","Guatemala",2023,"Da lo mismo",40.8,1000
"Apoyo democracia","Guatemala",2023,"No sabe",7.4,1000
"Apoyo democracia","Guatemala",2023,"No contesta",0.3,1000
"Apoyo democracia","Honduras",2023,"Democracia",31.6,1000
"Apoyo democracia","Honduras",2023,"Gobierno Autoritario",12.4,1000
"Apoyo democracia","Honduras",2023,"Da lo mismo",41.2,1000
"Apoyo democracia","Honduras",2023,"No sabe",10.8,1000
"Apoyo democracia","Honduras",2023,"No contesta",4,1000
"Apoyo democracia","México",2023,"Democracia",34.9,1200
"Apoyo democracia","México",2023,"Gobierno Autoritario",33.2,1200
"Apoyo democracia","México",2023,"Da lo mismo",27.7,1200
"Apoyo democracia","México",2023,"No sabe",4.1,1200
"Apoyo democracia","México",2023,"No contesta",0.1,1200
"Apoyo democracia","Panamá",2023,"Democracia",46.3,1000
"Apoyo democracia","Panamá",2023,"Gobierno Autoritario",12.5,1000
"Apoyo democracia","Panamá",2023,"Da lo mismo",32.7,1000
"Apoyo democracia","Panamá",2023,"No sabe",7.6,1000
"Apoyo democracia","Panamá",2023,"No contesta",0.9,1000
"Apoyo democracia","Paraguay",2023,"Democracia",40.1,1200
"Apoyo democracia","Paraguay",2023,"Gobierno Autoritario",26.7,1200
"Apoyo democracia","Paraguay",2023,"Da lo mismo",26.9,1200
"Apoyo democracia","Paraguay",2023,"No sabe",5.3,1200
"Apoyo democracia","Paraguay",2023,"No contesta",1,1200
"Apoyo democracia","Perú",2023,"Democracia",50.4,1200
"Apoyo democracia","Perú",2023,"Gobierno Autoritario",16.6,1200
"Apoyo democracia","Perú",2023,"Da lo mismo",26.7,1200
"Apoyo democracia","Perú",2023,"No sabe",5.2,1200
"Apoyo democracia","Perú",2023,"No contesta",1.2,1200
"Apoyo democracia","Uruguay",2023,"Democracia",69.4,1200
"Apoyo democracia","Uruguay",2023,"Gobierno Autoritario",8.9,1200
"Apoyo democracia","Uruguay",2023,"Da lo mismo",17.4,1200
"Apoyo democracia","Uruguay",2023,"No sabe",2.8,1200
"Apoyo democracia","Uruguay",2023,"No contesta",1.5,1200
"Apoyo democracia","Venezuela",2023,"Democracia",57.1,1201
"Apoyo democracia","Venezuela",2023,"Gobierno Autoritario",12.4,1201
"Apoyo democracia","Venezuela",2023,"Da lo mismo",24.1,1201
"Apoyo democracia","Venezuela",2023,"No sabe",5,1201
"Apoyo democracia","Venezuela",2023,"No contesta",1.3,1201
"Grupos poderosos","Argentina",2023,"Grupos poderosos en su propio beneficio",84.3,1200
"Grupos poderosos","Argentina",2023,"Para el bien de todo el pueblo",12.3,1200
"Grupos poderosos","Argentina",2023,"No sabe; no responde",3.5,1200
"Grupos poderosos","Bolivia",2023,"Grupos poderosos en su propio beneficio",70.6,1200
"Grupos poderosos","Bolivia",2023,"Para el bien de todo el pueblo",25.8,1200
"Grupos poderosos","Bolivia",2023,"No sabe; no responde",3.6,1200
"Grupos poderosos","Brasil",2023,"Grupos poderosos en su propio beneficio",54.2,1204
"Grupos poderosos","Brasil",2023,"Para el bien de todo el pueblo",40.9,1204
"Grupos poderosos","Brasil",2023,"No sabe; no responde",4.8,1204
"Grupos poderosos","Chile",2023,"Grupos poderosos en su propio beneficio",83.7,1200
"Grupos poderosos","Chile",2023,"Para el bien de todo el pueblo",12.7,1200
"Grupos poderosos","Chile",2023,"No sabe; no responde",3.6,1200
"Grupos poderosos","Colombia",2023,"Grupos poderosos en su propio beneficio",77,1200
"Grupos poderosos","Colombia",2023,"Para el bien de todo el pueblo",19.1,1200
"Grupos poderosos","Colombia",2023,"No sabe; no responde",3.9,1200
"Grupos poderosos","Costa Rica",2023,"Grupos poderosos en su propio beneficio",71.8,1000
"Grupos poderosos","Costa Rica",2023,"Para el bien de todo el pueblo",25.8,1000
"Grupos poderosos","Costa Rica",2023,"No sabe; no responde",2.4,1000
"Grupos poderosos","Rep. Dominicana",2023,"Grupos poderosos en su propio beneficio",64.1,1000
"Grupos poderosos","Rep. Dominicana",2023,"Para el bien de todo el pueblo",34.3,1000
"Grupos poderosos","Rep. Dominicana",2023,"No sabe; no responde",1.6,1000
"Grupos poderosos","Ecuador",2023,"Grupos poderosos en su propio beneficio",85.3,1200
"Grupos poderosos","Ecuador",2023,"Para el bien de todo el pueblo",12.6,1200
"Grupos poderosos","Ecuador",2023,"No sabe; no responde",2.1,1200
"Grupos poderosos","El Salvador",2023,"Grupos poderosos en su propio beneficio",20.1,1000
"Grupos poderosos","El Salvador",2023,"Para el bien de todo el pueblo",75.6,1000
"Grupos poderosos","El Salvador",2023,"No sabe; no responde",4.3,1000
"Grupos poderosos","Guatemala",2023,"Grupos poderosos en su propio beneficio",77.6,1000
"Grupos poderosos","Guatemala",2023,"Para el bien de todo el pueblo",19.4,1000
"Grupos poderosos","Guatemala",2023,"No sabe; no responde",3,1000
"Grupos poderosos","Honduras",2023,"Grupos poderosos en su propio beneficio",65.5,1000
"Grupos poderosos","Honduras",2023,"Para el bien de todo el pueblo",25.7,1000
"Grupos poderosos","Honduras",2023,"No sabe; no responde",8.9,1000
"Grupos poderosos","México",2023,"Grupos poderosos en su propio beneficio",58.8,1200
"Grupos poderosos","México",2023,"Para el bien de todo el pueblo",38.6,1200
"Grupos poderosos","México",2023,"No sabe; no responde",2.6,1200
"Grupos poderosos","Panamá",2023,"Grupos poderosos en su propio beneficio",84.8,1000
"Grupos poderosos","Panamá",2023,"Para el bien de todo el pueblo",13.7,1000
"Grupos poderosos","Panamá",2023,"No sabe; no responde",1.5,1000
"Grupos poderosos","Paraguay",2023,"Grupos poderosos en su propio beneficio",89.7,1200
"Grupos poderosos","Paraguay",2023,"Para el bien de todo el pueblo",7.5,1200
"Grupos poderosos","Paraguay",2023,"No sabe; no responde",2.8,1200
"Grupos poderosos","Perú",2023,"Grupos poderosos en su propio beneficio",90.3,1200
"Grupos poderosos","Perú",2023,"Para el bien de todo el pueblo",7.9,1200
"Grupos poderosos","Perú",2023,"No sabe; no responde",1.8,1200
"Grupos poderosos","Uruguay",2023,"Grupos poderosos en su propio beneficio",61.6,1200
"Grupos poderosos","Uruguay",2023,"Para el bien de todo el pueblo",33.2,1200
"Grupos poderosos","Uruguay",2023,"No sabe; no responde",5.2,1200
"Grupos poderosos","Venezuela",2023,"Grupos poderosos en su propio beneficio",77.7,1201
"Grupos poderosos","Venezuela",2023,"Para el bien de todo el pueblo",18.7,1201
"Grupos poderosos","Venezuela",2023,"No sabe; no responde",3.6,1201
